img/MRR-logo.png	193KB	800x180	ALL(24 pages)
img/about-1.jpg	68KB	400x470	about
img/about-2.jpg	51KB	350x350	about
img/about/H-12.jpg	246KB	960x1280	home
img/about/H-13.jpg	162KB	960x1280	home
img/about/H-14.jpg	230KB	960x1280	home
img/about/H-15.jpg	158KB	960x1280	home
img/about/H-16.jpg	389KB	960x1280	home
img/about/H1.png	147KB	280x280	about,home
img/about/H2.png	153KB	280x280	about
img/about/H3.png	191KB	280x280	about
img/about/PG1.jpg	248KB	1200x1600	home
img/about/PG3.jpg	308KB	960x1280	home
img/icon.png	65KB	322x205	home
img/mail-icon.png	126KB	883x897	ALL(24 pages)
img/mainservices/all-sports-nets.jpg	52KB	500x500	home
img/mainservices/anti-bird-net.webp	45KB	500x500	home
img/mainservices/balcony.webp	99KB	372x402	home
img/mainservices/cloth-hangers.webp	9KB	372x402	home
img/mainservices/construction-safety-nets.jpg	89KB	500x500	home
img/mainservices/cricket-net.webp	63KB	372x402	home
img/mainservices/duct-area.webp	31KB	529x500	home
img/mainservices/invisible-grill-windows.jpg	210KB	1222x917	home
img/mainservices/invisible-grill.webp	21KB	374x404	home
img/mainservices/invisible-grille-for-staircase.jpg	47KB	500x500	home
img/mainservices/monkey-nets.png	349KB	500x500	home
img/mainservices/pigeon.webp	82KB	372x402	home
img/ours/Home-services1.jpg	75KB	500x500	home
img/ours/Home-services2.jpg	72KB	500x500	home
img/ours/Home-services3.jpg	92KB	500x500	home
img/page-bg.webp	217KB	1700x354	ALL(23 pages)
img/phone-icon.webp	21KB	200x200	ALL(24 pages)
img/products/antibirdnet.jpg	37KB	380x230	home
img/products/balconysafetynet.jpg	27KB	380x230	home
img/products/birdspikes.jpg	21KB	380x230	home
img/products/cricketnet.jpg	24KB	380x230	home
img/products/ductareasafetynet.jpg	23KB	380x230	home
img/products/invisible-grill.jpg	48KB	500x446	home
img/products/petsafetynet.jpg	26KB	380x230	home
img/services/all-sports-nets.jpg	116KB	1062x592	all-sports-nets
img/services/anti-bird-net.jpg	201KB	1062x592	anti-bird-nets
img/services/balcony-safety-net.webp	188KB	1008x568	balcony-safety-nets
img/services/ceiling-hangers.jpg	66KB	1062x592	ceilling-cloth-hangers
img/services/cloth-hanger-balcony.png	721KB	1062x592	cloth-hangers,cloth-hangers-for-balcony
img/services/construction-safety-nets.jpg	236KB	1202x602	construction-safety-nets
img/services/cricket-nets.jpg	189KB	1062x592	cricket-practice-nets
img/services/duct-area-nets.jpg	102KB	1062x592	duct-area-safety-nets,invisible-grill-dealers
img/services/invisible-grill-balcony-price.jpg	68KB	1034x582	invisible-grill-for-balcony-price
img/services/invisible-grill-balcony.jpg	121KB	1062x592	invisible-grill-for-balconies
img/services/invisible-grill-fix-charges.jpg	202KB	1202x652	invisible-grill-fixing-charges
img/services/invisible-grill-manufracture.jpg	124KB	1034x582	invisible-grill-manufacturer
img/services/invisible-grill-windows.jpg	210KB	1222x917	invisible-grill-for-windows
img/services/invisible-grille-for-staircase.jpg	85KB	1062x592	staircase-safety-nets
img/services/invisible-grills.jpg	136KB	1202x602	invisible-grill
img/services/monkey-nets.png	747KB	1202x602	monkey-safety-nets
img/services/pigeon-nets-balcony.jpg	98KB	1062x592	pigeon-safety-nets
img/services/pull-and-dry-hanger.png	300KB	1062x592	pull-and-dry-cloth-hangers
img/services/stainless-grills.jpg	93KB	965x538	stainless-steel-invisible-grill
img/sliders/balcony-safety-net.jpg	247KB	1280x715	home
img/sliders/children-safety-net.jpg	321KB	1280x715	home
img/sliders/cloth-hangers.png	1651KB	1600x627	home
img/sliders/cricket-practice-net.jpg	184KB	1280x715	home
img/sliders/invisible-grill.png	1843KB	1600x627	home
img/sliders/pigeon-net-installation.jpg	185KB	1280x595	home
img/wp.gif	139KB	480x480	ALL(24 pages)
